{"sixteenth": [0.06802844405382251, 0.9798666666666667, 0.060228713226318356, 0.9815], "eighth": [0.04325958560627575, 0.9874833333333334, 0.037764937210083005, 0.9879], "quarter": [0.0294634094050969, 0.9916, 0.030814522552490235, 0.9898], "half": [0.018189471116544398, 0.9952333333333333, 0.024651979637145997, 0.9925], "full": [0.005586450215725048, 0.9985, 0.020919612884521484, 0.9932]}